{"cameraMode":{"drawMode":0,"name":"Shaded","section":"Shading Mode"},"sceneLighting":true,"audioPlay":false,"sceneViewState":{"m_AlwaysRefresh":false,"showFog":true,"showSkybox":true,"showFlares":true,"showImageEffects":true,"showParticleSystems":true,"showVisualEffectGraphs":true,"m_FxEnabled":true},"in2DMode":false,"pivot":{"x":1.8704719543457032,"y":1.7325012683868409,"z":1.9957211017608643},"rotation":{"x":-0.13256992399692536,"y":0.7869720458984375,"z":-0.18161994218826295,"w":-0.5744737982749939},"size":4.500911712646484,"orthographic":false}